<?xml version="1.0" encoding="UTF-8"?>
<project-private xmlns="http://www.netbeans.org/ns/project-private/1">
    <editor-bookmarks xmlns="http://www.netbeans.org/ns/editor-bookmarks/1"/>
    <open-files xmlns="http://www.netbeans.org/ns/projectui-open-files/1">
        <file>file:/U:/teaching/AIT5102/2005-2006Spring/LectureNotes2006/Lecture7b_Demo/src/Stream.java</file>
        <file>file:/U:/teaching/AIT5102/2005-2006Spring/LectureNotes2006/Lecture7b_Demo/src/TestDecimalUnicode.java</file>
        <file>file:/U:/teaching/AIT5102/2005-2006Spring/LectureNotes2006/Lecture7b_Demo/src/TestUnicode.java</file>
        <file>file:/U:/teaching/AIT5102/2005-2006Spring/LectureNotes2006/Lecture7b_Demo/src/WriteUnicodeFile.java</file>
    </open-files>
</project-private>
