<?xml version="1.0" encoding="UTF-8"?>
<project-private xmlns="http://www.netbeans.org/ns/project-private/1">
    <editor-bookmarks xmlns="http://www.netbeans.org/ns/editor-bookmarks/1"/>
    <open-files xmlns="http://www.netbeans.org/ns/projectui-open-files/1">
        <file>file:/U:/teaching/AIT5102/2005-2006Spring/LectureNotes2006/Lecture3b_Demo/src/LotsaLabels.java</file>
        <file>file:/U:/teaching/AIT5102/2005-2006Spring/LectureNotes2006/Lecture3b_Demo/src/RainfallHistogram.java</file>
        <file>file:/U:/teaching/AIT5102/2005-2006Spring/LectureNotes2006/Lecture3b_Demo/src/RandomInvestigation.java</file>
        <file>file:/U:/teaching/AIT5102/2005-2006Spring/LectureNotes2006/Lecture3b_Demo/src/TemperatureTable.java</file>
    </open-files>
</project-private>
