feature_value_1,feature_value_2,class
0,6.46755466604627,2
0,1.3635241730023075,1
0,7.150610751095487,3
1,0.7527436785280592,2
1,13.351537071991647,3
0,7.820490030634995,3
0,0.6640666759169893,1
0,0.3566072600239629,1
0,1.1162487482103276,1
0,9.365897324016212,3
1,4.874814780556502,3
1,16.412513586863795,3
1,1.6178720285090469,1
0,0.5322472344422504,2
1,13.28303263148969,3
0,1.3535758448065265,1
0,4.035878204732069,2
1,14.717718008345113,3
0,1.2761162126704417,1
1,6.790398116349065,2
1,9.117159331385261,3
1,8.200966500713873,3
0,0.6837437074389482,1
0,1.65790912980371,1
0,2.4192609990791563,2
1,8.137704435186789,2
0,1.083120068140166,1
0,11.32726875616586,3
0,1.0668502264230943,1
0,0.9034181086002477,1
0,2.726896555838273,2
0,0.9127654747810984,1
1,1.000123552057695,1
0,0.5402441120243747,1
0,1.6110603462351636,1
1,5.5795030018276845,3
0,8.578084307562793,3
1,2.845133458694843,2
0,8.626411556273833,3
1,4.772828831170058,2
1,11.058514421875055,3
0,5.18884765974321,2
1,11.0734701133244,3
0,11.655333278549332,3
1,1.0462756718143946,1
1,12.045442948752353,3
0,0.11397751679611423,1
1,6.539379397678352,3
1,4.443466454789492,2
1,6.450843693051583,2
1,13.642452720732319,3
0,7.904664971571231,3
0,1.4389196349070394,1
0,0.5832714139492325,1
0,-3.86095561500694,3
0,1.9444392777943877,1
0,1.6563319025384153,1
0,1.4466586594769373,1
0,0.8585908696196711,1
0,6.276582890361647,2
0,4.293024261512882,2
0,12.93943504970834,3
0,0.5056221735837713,1
0,0.95342988625388,1
1,5.4406612049094285,2
0,2.8140108290914796,2
1,7.934582798570856,3
1,9.146924311156381,3
0,1.5654383951437114,1
0,4.436371552911987,2
1,4.065888955525481,2
1,9.917725681501853,2
0,0.7499129615382354,1
1,8.7468117374062,3
1,0.47866935834725166,1
0,8.928453970593308,3
1,9.889131465532987,2
1,19.515494903369582,3
1,3.269978153588147,2
0,1.2761305300800179,1
0,0.56661222070495,1
0,6.9272965198617396,2
0,1.447042753569372,1
0,0.756369075180469,1
1,0.7877842029611977,1
0,4.263152668727962,2
1,8.354970995541105,3
1,3.0515520453086986,2
0,2.9121637793732487,2
0,5.37845249101477,2
1,7.102736537321225,3
0,1.998050165520382,1
0,9.743303993248274,3
1,1.3083703816546812,2
0,1.1868402916737506,1
1,3.101091986973845,3
0,6.230733700171221,3
0,1.2790243011700688,1
1,12.05108404448183,3
0,0.8920750289971482,1
0,1.4959043701030819,1
1,9.091776747180784,3
1,1.5609583726742335,1
0,1.2286814659750158,1
1,10.559588087979739,3
1,9.817433059840114,3
1,9.103567738560331,2
1,4.277836650150385,2
1,8.662923153032711,2
0,1.5325557968758416,1
1,7.774248433614836,3
0,1.1292225943000236,1
1,15.432957372547982,3
0,1.3411011246900364,1
0,1.10540268331931,1
0,0.9291762198088618,2
0,0.28712559926984405,1
1,8.917483463304723,3
0,4.327416448781904,2
0,17.41175267120451,3
0,1.0699102336424158,1
1,10.025765812481188,3
1,4.3325900894976055,3
1,10.993743125869264,3
1,16.041157315533148,3
0,4.044410051161684,3
0,0.7477569171016469,1
1,4.092285521325795,2
1,3.9836250002057048,2
1,10.027809087315774,3
0,13.113810487940256,3
0,6.520388446747267,2
1,1.069183343013492,3
0,1.2064921220148355,2
1,5.949383583437211,2
0,1.380121641919064,1
1,4.615585573554496,2
1,7.535968720743493,2
0,6.797150640600082,2
0,1.9392664044916872,2
1,17.393871472804896,3
0,1.0864124294918054,1
1,3.4651867914904635,3
1,6.365404414720674,2
0,1.0696710813759949,1
0,0.7114087895308385,1
0,4.573797433716078,2
0,7.867946261493213,2
0,8.260812139077737,2
1,1.3716779991034038,1
1,7.7709007313754395,3
0,0.9926236164881681,1
0,1.4906174076387408,1
0,1.0435806399557181,2
1,13.083216692483166,3
0,5.8985811195717375,2
0,1.2270818131667829,1
1,0.57813174856107,1
0,6.73613839745359,2
0,1.150975739445462,1
0,7.46010671668601,2
0,8.197080241864004,3
0,8.074947163478056,3
0,14.236465820401632,3
1,9.139674464519368,3
1,0.42709619159649204,1
0,1.2099741815759517,1
1,0.6451093507754395,1
0,0.4460474676717662,1
1,3.9498254057306452,3
1,1.78125588610171,2
1,5.599074823214526,2
0,1.0904148954116244,1
0,1.6266049886152718,1
0,9.027142591378333,3
1,1.9590897513536998,2
1,1.5159622644776074,1
0,2.1937025761752427,2
0,0.8152379730696911,1
1,4.60104813328835,3
0,3.0832070964312748,2
1,11.656788468431968,3
0,0.26140229904262136,1
0,1.0689105045094178,1
0,1.8099601383548973,1
0,9.967237027103646,2
1,18.000914129130912,3
1,3.905164996407679,3
1,8.43620975490763,3
0,1.2915336438496845,1
1,8.692362982763916,3
0,3.3261609158332286,2
0,4.23634087810266,2
0,0.7980126397670901,1
1,5.186100207236211,2
1,5.582582373295798,2
1,6.705408265927271,3
0,1.015451868052951,1
0,1.1275513653955316,1
1,10.45028974248489,3
0,5.005395777731331,2
1,3.899360847349578,2
1,8.847548216835966,3
0,1.0608735459609053,1
1,3.758468721912045,2
1,9.074428507823168,3
0,10.14782372459182,2
1,10.866022127602998,3
1,2.794184193846678,2
1,1.6331715301427123,2
0,6.770104263703923,2
0,5.807692361347158,2
1,2.705908212476195,3
0,0.7226810115699098,1
0,3.340355472849361,3
0,0.7140466219410604,1
1,6.116469413319978,3
0,0.997468184647694,1
0,1.06823020878477,1
0,3.2444514207093835,2
1,0.2631165949644202,1
1,13.036393001334414,3
0,6.842640525619601,2
0,8.390201551420171,3
0,1.4434156662226205,1
1,10.642976761830967,3
0,4.372871347245739,2
1,7.516968465242208,3
1,11.981139600230673,3
1,13.633697865756888,3
0,12.024715584869707,3
0,10.263213679555449,3
0,8.159929903866,2
0,12.018508647145609,3
1,7.262171872525492,3
1,4.392898753435259,2
0,4.365788552547781,2
0,0.8076289787046702,1
1,10.965405177425078,3
1,5.675819238876571,3
1,5.077307315396649,2
1,5.99834093131701,2
0,0.2386904209136098,2
0,4.823325671212778,2
1,16.828621656849077,3
0,1.7899234072112495,1
1,9.663450206042707,3
1,6.787730777652639,2
0,0.6194485896415654,1
0,0.3883209812732097,1
1,1.5278703602495405,3
1,2.9141966142889766,2
1,3.9972935054160343,2
0,4.355834963417716,3
1,10.236030185249737,3
1,15.863657321139765,3
1,26.391472180455136,3
1,0.09168947621794743,2
1,6.5980182246603185,2
1,3.241739300348671,3
0,3.0006828751319947,2
1,6.362456296197168,2
0,0.8425899137063285,1
0,1.52292298612827,1
0,0.8435588617195963,1
1,11.184999997958068,3
0,0.2304162565064587,3
1,1.1526243945190116,1
1,4.865621471950918,3
1,10.830151193931998,3
0,9.663710123209984,2
0,-0.24495350058444632,1
0,9.163679123987137,3
1,1.7096067749739023,2
1,17.044667399630015,3
1,0.7632044847220911,1
0,8.13042440307655,2
1,1.016006550341693,1
1,2.349803855314696,1
0,0.037737940825840255,2
0,1.3703708408146749,1
0,0.3076050520059931,1
0,0.9327948576190178,1
1,8.89097727763007,3
0,0.32380160508544253,1
1,12.983685794515095,3
1,3.6319888101524773,2
0,3.9781006443225255,2
1,12.955010499311095,3
1,3.2987990493238444,3
0,5.7320312281043595,2
0,1.0840389198480995,1
1,12.111755172548609,3
1,14.688510339377965,3
0,5.696694474787835,2
1,11.342857202182142,3
0,1.2867315744712577,1
0,7.2072087653783345,2
1,10.555409317932089,3
0,1.9400329175666076,1
0,0.971412432458577,1
0,0.43557683210457143,1
0,0.3760334578305703,1
1,3.5243001419635367,2
0,11.702685001889678,3
0,1.0377683911840874,1
0,1.775460171221325,1
0,9.164134897852215,2
0,5.9248262129780125,2
0,0.5736314139236145,1
1,22.46223650016619,3
1,4.552542652164039,2
0,0.33127505370769916,1
1,2.836690364784836,2
0,3.9719017592296804,2
0,0.5567033321267287,1
0,0.5906424873793495,1
0,0.27062636590056577,1
0,0.9096499362382279,1
1,12.271446220519476,3
1,11.98481036723746,3
0,4.428183642241894,2
1,8.273401784802557,3
1,7.3253094790511355,3
1,7.00130245457952,2
0,2.106638107155859,1
1,14.45707398683343,3
1,0.9939430704958652,1
1,5.1929690630372525,3
1,2.047741373837569,2
0,1.6971061805684466,1
0,1.658667268183783,2
0,1.0064153571120444,1
1,9.642082938782071,3
0,0.8751022279276393,1
0,6.475610345875168,2
1,4.2654284859270355,2
1,0.9471786217672372,1
1,6.479833576444296,3
1,12.35756556557918,3
1,4.759016552802334,2
0,4.20873691191914,2
1,4.651410198062191,2
0,1.2301321341338194,1
0,4.560558404086818,2
1,9.844799464859832,3
1,8.906784021989191,3
1,1.3143363712793108,1
1,1.5647967164202654,1
0,3.0634449808156208,2
0,10.978185931790357,3
1,13.695987547509667,3
1,2.2243881543082495,2
0,7.543006801008589,2
1,5.13525686969013,3
1,14.69797245933027,3
0,0.7702774018078666,1
1,2.7401070066102298,2
0,4.371793475809569,2
0,1.3731346639250648,1
1,7.466150000109283,2
0,0.22059566106750383,1
1,21.34432116682666,3
1,5.419272904999865,2
1,10.95958636449721,3
1,13.614156975126491,3
0,0.5581570853883058,1
1,15.299952505601574,3
1,8.292568367021113,3
1,6.433561335192161,2
0,1.079916850596057,1
0,5.562500323157534,3
1,10.330121044124722,3
0,0.7760994337309641,1
0,1.1652674783620507,1
0,5.018499438975917,2
0,7.352439725613668,3
1,8.700975974983368,2
0,0.7019637744683704,1
1,14.986627609829593,3
1,6.734799448479564,3
0,1.6180642288559148,1
0,3.592954336185339,2
1,9.4555703048582,3
0,5.216609125897557,2
1,3.053407747769314,2
1,9.301645890483702,3
0,8.308911633356999,3
0,0.33328889861452193,1
0,10.773405528047414,3
0,1.0192441260452352,1
1,10.60545506665628,3
0,2.133340105120446,3
0,3.5359156335985116,2
0,0.7972246170933519,1
1,12.182393563976552,3
1,5.481339745861473,3
0,0.9487185435975453,1
0,1.2022235977366764,1
1,10.5053496657686,3
1,7.083218098861396,3
0,3.1511808260196155,2
1,1.435216778593672,1
1,4.10247149933498,3
0,8.161881679512554,2
1,13.28719267116441,3
0,5.320793938954485,2
1,3.048090001446736,2
0,8.881833375076184,3
1,15.105921755508069,3
0,4.537599977066669,3
0,3.7762754654247552,2
0,1.6748553073366057,1
0,1.2757945425323798,1
1,2.277782409945101,2
0,0.8862394267677509,1
1,9.210782218537359,3
1,7.338843504179611,3
0,6.425645833103797,2
0,0.6758552378418564,1
0,0.790461063992212,2
1,7.46146210072989,3
1,1.543926670307747,1
0,3.6655884107470493,2
0,4.27843998282523,3
1,14.027800538952619,3
0,0.5132674788170793,1
0,1.9060074932314761,1
0,0.5266749893052258,1
0,0.7017301346588766,1
0,4.312364202244155,2
0,8.169629376562693,3
1,12.663597309498362,3
0,1.284642595705849,1
0,0.46232016475813054,1
0,0.976352078491578,2
0,4.966979648013976,3
1,9.188920675286878,3
0,12.859493842253563,3
1,12.563505478251225,3
0,1.0043333272778387,1
1,12.353421945525763,3
0,-0.06672855768568775,1
0,6.206601785884559,3
0,0.9447508330066015,1
0,10.292007192046205,2
1,12.202517271092011,2
0,0.5605213747098374,1
1,8.116511685566252,2
0,0.7564524153511099,1
0,8.084242940252073,2
1,12.003369476683925,3
0,3.675892984791637,2
0,5.654655492333356,2
1,6.01487424552405,2
1,6.127565829894361,3
0,1.9156842774229998,1
0,12.36304195935639,3
1,11.191245701285148,3
0,0.43607748983731365,1
0,0.4624458345987459,1
1,14.940059489463376,3
0,0.9442262503458045,1
0,0.22982746319865266,1
0,11.893306136341895,3
0,0.7540376393693381,1
1,1.5776059036117154,2
1,7.4950450219449545,2
0,0.8763580240183384,1
1,8.352255401307099,3
1,1.1473294939361183,1
1,3.743550530718767,2
1,8.572651458041882,3
1,18.349632426021067,3
0,0.7391399968845365,1
0,1.4523731170208658,1
0,17.82155687734405,3
1,6.8866658210521745,2
0,1.2902438116856634,1
0,1.0464741488037317,1
1,17.043840310980958,3
1,2.65592091837762,2
1,13.213212005195611,3
1,6.196981154991832,2
1,4.552887181565837,2
1,5.941253424946474,2
1,7.00471639380161,3
1,10.532147629952696,3
1,12.903375204626068,3
1,6.177830299099418,3
1,5.801860446809995,2
1,4.520926966144962,2
0,1.185865994454422,1
1,8.233608672154665,3
0,-0.4914560233233223,2
1,0.2906847344254029,3
0,6.653323995607334,2
0,3.70328625639642,2
0,4.83044906679135,2
1,3.2736776498031577,2
0,2.2824579126221174,2
0,0.26872468025336427,1
0,4.416260917620235,2
1,3.3842153151379915,2
0,11.988905081037755,3
1,17.49337338644613,3
0,1.2477479050775138,1
0,11.329140983486747,3
0,10.939221143363433,3
0,1.5543109006433766,1
0,0.9798697029836937,1
0,1.5713782331384456,1
0,0.32422417427511163,1
1,2.7446453010008236,2
0,7.7986269871847735,3
1,8.38920042149309,3
0,1.4230699632078194,1
0,-0.0061921247556668835,1
1,2.7752855099639877,2
1,14.207903940642483,3
0,1.605968930883077,1
1,7.8678604627086415,2
0,3.058131630700121,2
1,0.6718539900262164,1
1,9.886981720556214,3
1,14.449247853935738,3
1,8.2287913780133,2
0,2.0046945766045745,2
0,0.5357237016365168,2
1,6.98167215135819,3
0,0.09436093274073376,1
1,15.538438515541559,3
0,1.299254878314387,2
1,6.2425781386154835,2
1,-0.5618269228010693,2
0,0.949455842729555,1
0,8.087609559428675,3
0,1.3508420969705153,1
1,11.188243558484386,2
0,3.4208084545622888,2
0,1.048026475007909,1
1,16.614724735745533,3
1,4.307409903848385,2
1,11.930877332605021,3
0,3.0591815658604524,2
0,7.4013067396124015,3
1,3.2554647434587087,2
0,0.9162396330493222,1
1,12.778304812728635,3
0,4.700596452471521,2
0,4.102869705869263,2
1,9.89894245777619,3
0,0.9355140159158426,1
0,15.192082001013512,3
0,1.5211834642503548,1
0,1.5201479885709737,1
1,13.400944401438336,3
1,10.413618698683829,3
0,1.235292978856373,1
0,1.8513295664193181,1
0,4.670271135011863,2
0,14.183434964547054,3
0,1.2367641130175535,1
1,10.312019775327375,3
1,4.339544599694254,2
1,6.353271482213824,2
1,5.533551932201812,3
0,2.768200989277014,2
1,4.354647702841157,3
0,2.1410639019850466,1
1,7.991804826849231,2
1,8.474119170814763,3
1,5.770504346536586,3
0,1.876448087459409,1
1,10.865024718935295,2
0,5.389573551450431,3
0,1.1667215589341704,1
1,6.6199582098121175,3
0,3.7015874985675614,2
0,6.474018961502624,2
0,6.541047149300572,3
0,9.032168047365582,3
0,10.020604253042322,2
1,7.344685185671783,3
0,1.0743674623137727,1
0,1.3702475643025656,1
0,1.6587729361808694,1
1,5.413875244214389,3
1,27.981324250791825,3
1,11.364891016065512,3
0,15.380727985969266,2
0,9.091582435249002,2
0,2.121747589396019,2
0,1.1528624533755147,1
0,3.2676037064447403,2
0,0.816694568084916,1
0,1.4049841949665849,2
1,10.591991541323413,3
0,0.788179772694531,1
0,0.8702798705481511,1
1,6.083130776733453,2
0,6.297943088208987,2
1,6.729896325977016,2
1,6.086801627570903,2
0,5.461777903195967,2
1,13.576686366866651,3
1,1.5201187477713036,2
0,0.5543810709290528,1
0,3.8616693630630805,2
0,1.6520652980216295,1
1,9.204859300169485,3
0,1.5849519139232653,1
1,7.933145497025677,3
0,2.977868668442834,2
1,8.748852453415733,3
1,10.90170488390776,3
0,-0.7405867007326226,3
0,1.1818371967662071,1
0,6.95727253729142,2
0,0.30106677204557974,1
0,2.370210685971263,2
1,0.34083869810196354,2
0,0.9727286478984117,1
1,4.160326723806305,3
1,3.8872047915841534,2
0,0.406491150461493,1
0,0.8404220022854613,1
0,4.062040538150932,2
0,1.0496292662144542,1
0,1.6639371931093077,1
0,0.9477505553506932,1
0,1.9771821145148198,1
0,1.9253945076368746,1
0,11.80887537372497,3
0,1.401163978078248,1
1,6.040876775125474,2
0,0.7908935884920125,1
0,1.253562153052444,1
1,3.6898246424530177,3
1,6.413986686355914,2
0,6.3664606337434675,3
0,16.14928219871946,3
1,13.19394027547457,3
0,0.5939063742887996,1
0,12.052670444886445,3
1,7.60566338338335,3
0,6.490587330391632,2
1,9.7807032482373,3
0,0.25035219637757344,1
0,5.0685809913002835,2
0,1.2126316942886703,1
0,0.6114098914516876,1
1,1.2057481288455734,1
0,3.864276513355911,2
0,3.1957001275553814,2
1,7.610898065265419,2
1,0.8073154505122186,1
1,6.417353514231239,2
1,3.516534226489627,2
0,2.1642330820914526,1
0,2.159869103242145,1
0,13.876899577816058,3
1,12.48790675093097,3
1,0.06105670612478864,2
1,8.456138037495071,2
1,3.345794747994771,2
0,3.7723366122825754,2
1,10.187989549754521,3
0,9.81286148917341,3
1,13.454103804612991,3
1,4.747476892570791,2
0,3.1082016016210483,2
0,1.761737649341375,1
0,0.5417130931360651,1
0,1.8698853440021836,1
1,4.327639061103177,2
1,3.3015601602586804,2
1,10.052012503179174,3
1,5.458524078753224,3
0,1.0114817238271758,1
0,17.440499971292052,3
0,18.135949851380946,3
0,0.5835420282082797,2
1,6.279815848529019,3
1,-1.0527711935422488,2
0,3.1006678335391182,3
0,4.591358626515789,2
1,9.737187577117595,2
1,4.363686918290521,3
1,11.710004978568154,3
0,0.6943999576098452,1
1,1.3404365972622354,1
1,10.992961924357882,3
0,1.977582637766627,3
0,12.19793736698252,3
1,12.850209255555555,3
1,5.497495559601609,3
0,5.153378778414366,2
1,18.997664232693232,3
0,0.3807180911351258,1
0,1.3790739583075609,1
1,6.980092001687007,2
1,5.740456634664295,3
1,7.393006296891926,2
0,4.9630185502057325,2
1,8.817666214453045,2
1,16.79785235794616,3
0,0.8537191120073497,1
0,8.869371818316662,3
0,1.9647144998581536,1
1,11.020881107274889,3
0,0.92564373476765,1
1,0.9160256478673665,1
1,11.335469366175367,3
1,3.6104331930506444,3
1,5.918936278154019,2
1,8.16966548470688,2
0,0.9276636665894851,1
1,6.719331028345485,2
0,7.0490666063681475,3
0,0.76548343669219,1
1,3.659247474272532,3
0,2.6661481990013565,2
0,1.0184929027661929,1
1,4.664308163117062,3
0,6.9545608837018325,3
0,0.9494382312760167,1
0,1.1769715960372733,2
1,0.7014565998994193,3
1,3.6816578253679575,2
1,6.65139539452121,3
1,6.282069265002792,2
0,0.8767206933853473,1
1,9.044840638129237,3
0,1.1289454392514604,1
0,0.9326104267056612,1
0,11.76521323544655,3
0,1.1503937526838435,1
0,1.6000907444112151,1
1,10.027546783464821,3
1,8.340103429811167,2
1,3.3071231683424753,2
1,8.714280392048318,3
1,18.82260160656633,3
1,10.079057167227743,3
0,0.6018020499096037,1
0,1.3050361564599664,1
1,0.8092265036000637,1
1,-1.9157371680668565,3
0,0.9793481229738356,1
1,13.341122167274346,3
1,7.049922602454702,2
1,2.3961527894011727,2
1,12.379511270801656,3
1,8.562422612941962,3
0,9.177096367778834,2
1,6.8745035569567845,2
0,0.6818316065596989,1
0,1.0827846395683873,1
0,1.4676822170838126,1
0,8.210511379892175,3
0,1.3054786107513197,1
1,10.45403686640519,3
0,0.4681471350461849,1
0,0.7810995421340939,1
1,7.512237440458289,2
0,0.40571572547558077,2
1,8.056927624575323,2
1,1.262491434341356,1
0,6.396399010386554,2
1,17.84462525592097,3
0,-0.035873105315394005,1
1,9.170385595623646,3
0,0.8562420832551105,1
0,8.599477519639258,3
1,1.6857443638290737,2
1,10.669516394647099,3
1,5.886617483871884,2
0,0.17853639799927068,1
1,1.141112531914918,2
1,3.796421151920876,2
1,15.459886555613055,3
0,7.800557034535856,2
1,5.833478598841627,2
1,4.458362548102404,2
0,1.2119278642196478,1
0,0.5430619501006547,1
1,2.7106853840589107,3
0,3.3055149703066995,2
1,13.963247225630942,3
0,4.986520869686781,2
0,1.8730480048751454,1
0,1.330120844105764,1
1,5.69266689148255,3
0,0.9281021896297404,1
1,12.026636407074923,3
0,9.94489146359426,2
0,1.79704596822508,2
0,11.385242183857013,3
1,5.069852859847741,2
0,5.401568277296976,2
0,1.1434316170381735,1
1,0.8173169774880931,2
0,0.8725236455466991,1
0,7.329829905529584,3
0,0.906237141415515,1
0,8.297176009574782,3
1,9.849237270908418,3
1,3.512351809443995,3
1,8.054838129502018,3
1,12.129759688255202,3
1,15.123407019441274,3
0,6.064059382520401,2
0,1.8179193347982445,1
1,8.303135452872628,2
0,9.31406518236951,2
1,4.633029315386599,2
1,-1.1681880859422797,3
0,1.3392430433038465,1
0,1.0593333560370164,1
0,0.09048894057724133,1
1,12.334060368001342,3
0,1.1915992509307805,1
0,7.2933073756723825,3
1,4.220424682897977,3
1,0.6499582157305632,1
1,-0.18272124710206672,2
0,1.6977284918852193,1
1,11.778007579400315,3
1,10.17125599302922,2
1,4.935098402908254,3
1,8.161235567405138,3
1,17.512387590307807,3
1,9.652613221179967,2
1,4.418762910056977,3
0,0.1852587824574834,1
0,0.8082571341222959,1
0,1.035020988452157,1
1,7.248198181798994,2
1,9.296046061597917,3
0,1.1744482326276082,1
0,1.5637053953646438,1
0,7.449636588205976,3
0,3.89358527736767,2
0,0.834112172062617,1
1,7.268554166432454,3
0,1.3668566808859859,1
0,0.7708774419008568,2
1,9.419959278990888,3
1,9.858368472360942,2
1,4.72720226287975,2
0,1.337684228489968,1
1,6.262554222421493,2
0,-0.013585948751623667,1
0,1.7608979597690113,1
1,1.2821751491294502,2
0,0.7079352041017939,1
0,0.8832625393466551,1
1,3.864290302515079,3
0,0.9015134021935876,1
0,0.8607699700479868,1
1,1.204191731750514,1
1,12.171990553253522,3
0,-1.38291760137228,2
0,5.89998369977266,2
0,0.5285994238915903,1
0,10.62111321302852,3
1,3.040288880609001,3
0,1.3083685251780761,1
1,10.767582880709206,3
0,2.341319577942916,1
0,1.752814741335988,1
1,17.15176665855067,3
1,4.2184439857626215,2
0,0.9446159434165077,1
1,3.2610041398259013,2
1,4.048704547659516,3
1,3.874004783354608,2
0,2.113562312328356,1
1,5.9428455457618865,2
1,9.566710915505059,3
0,1.395785401301455,1
0,7.729920367418007,2
0,1.3608328613476448,1
0,0.41284496282667016,1
0,1.8121285361830108,1
1,3.8041601808150105,3
0,11.074796298504515,3
0,5.427347758153068,2
1,9.931998040802739,3
1,12.525543485695849,3
0,9.454840341486427,2
1,8.43006009973936,3
0,1.6164445539761256,1
0,5.698567815488344,2
1,3.9123830282725516,3
1,10.130732391409254,2
0,0.6300751871233343,1
1,3.2983751433295914,2
0,2.6694377675883327,2
0,0.3385976876004838,1
0,0.7483162389024182,1
1,1.4028216279928145,3
0,1.178012058677159,1
0,4.223975398595983,2
0,5.924702010500368,2
0,1.5725564113359622,2
0,2.3161234336649548,2
0,3.957946746273495,2
1,6.862991169389834,3
0,4.782524310562636,2
0,4.455816443761932,2
1,5.821690215056912,3
1,12.985351201741231,3
0,3.1286837069063425,2
0,1.5131721722742906,1
1,17.62611703243619,3
0,5.516598041167411,2
1,3.2017321402711936,3
0,0.4843121090185467,1
1,4.719442025149923,2
1,10.315502456776773,3
1,14.107138194866218,3
0,1.6096081316997517,1
0,12.808727758011322,3
1,0.7127950755471819,1
0,1.5265876359856825,1
1,14.49107867079808,3
1,3.9423105041807442,2
1,0.5874940971761475,3
0,4.879111216140398,2
1,6.408463379020056,2
1,8.849421659462248,3
0,0.8972660478453338,1
0,9.720983912004666,3
0,0.9035673880228086,1
1,4.419365696380433,2
1,16.239334711947627,3
1,3.4599813800802215,2
1,7.664171015829708,3
0,1.943157778008251,1
1,11.774775684897158,3
0,6.734857231618136,2
0,3.522348059621985,2
0,14.136448632937334,3
1,14.329822005937798,3
1,16.07712641816831,3
0,1.230940853404902,1
1,5.217844787093826,3
1,4.939970517234753,2
0,0.8584391962012015,1
1,-0.616049344602505,3
1,3.4384141429707684,3
0,16.845199070890978,3
1,11.52696662102699,3
0,0.7997481632698268,1
0,0.6694756955591878,1
0,10.12667313114314,2
1,11.054328055455539,3
1,16.715983008848532,3
1,8.24802700849524,3
1,2.9090794164974074,2
1,14.728147528541326,3
0,0.6088522371854521,1
0,1.016145256949357,1
0,0.7986224682014984,1
1,1.0487265052878894,1
1,14.161185513847805,3
1,8.306948051559202,3
1,13.23700510491587,3
1,12.07922023528504,3
1,13.220987449255523,3
0,1.0094745983781193,1
1,10.300632045169841,3
0,1.0639849220914437,1
1,8.707002012635986,3
0,3.0073010623881578,2
1,7.189111906361,3
0,1.5422699009099887,1
0,0.7296725862515314,1
0,0.6296312012003775,1
1,6.098121304049334,3
1,4.021942218339519,2
1,10.796229162110425,3
0,5.740005042024342,2
0,5.038538469143845,2
1,7.8582453491304225,3
0,0.9778212316787886,1
0,2.7960926071032968,2
0,0.6432619727998521,3
0,0.07724845834645988,1
0,3.1216095926945995,2
1,1.8409801506669243,3
1,14.136377695691301,3
1,6.8605803037922115,2
0,7.246107714427275,3
0,1.3775772313518821,1
0,0.6551931939256208,1
1,8.44836915695499,3
1,1.4718972994125985,2
0,1.491847603809699,1
0,4.01791528543417,2
0,1.8954008466068324,1
0,0.8578120727608521,1
0,2.80491682966732,2
1,14.299170693648536,3
1,8.16910134589395,3
0,-0.0162903694375931,3
1,10.986746585378853,3
1,10.980549345159314,3
1,5.796346213435607,3
0,1.3691769996039787,1
1,7.233085486988507,3
1,9.319718286064605,3
1,17.11623136735991,3
0,10.829803830255488,3
0,3.600186329201012,2
1,11.234278895252894,3
0,4.4389812259906085,2
0,1.4392248489611212,1
0,0.8085050015452584,1
0,0.46809322571288803,2
1,6.9484590159854225,3
1,2.8542641275630176,3
1,6.031342922552092,3
1,17.19128403813198,3
1,7.145201245292555,2
1,1.648136002524689,2
1,6.70477379452457,3
1,13.731872671511518,3
1,6.893243818529541,2
1,6.003580743810923,2
0,2.0732249164471757,2
0,1.0410249230623683,1
0,4.920360193474716,3
0,6.623737828785993,2
1,8.33304455178034,3
1,6.147418083000035,2
1,12.873116335069067,3
1,0.2664357860531661,2
1,4.348949482148962,2
1,12.332726485165352,3
0,0.3399870944113348,1
1,8.480395517509375,3
1,15.131012579813799,3
1,12.055353104849662,3
0,0.8673639237312201,1
1,4.776684754747838,2
0,1.3276429571172623,1
0,13.754211186896853,3
1,13.126541361025733,2
0,13.295096719124947,3
0,-0.03655851660716758,1
1,6.196626345343529,3
1,8.297182160864619,3
0,0.526972707251996,1
1,6.376521519457733,3
1,17.439628458620426,3
0,1.7784779473068262,1
1,8.885775748989559,3
0,7.175786764244681,2
0,7.579301300574712,2
0,1.7488540112697266,1
1,10.075347120509129,3
1,6.719617395129315,2
0,3.2408329010738735,2
0,7.253243013603621,2
1,0.09715229672185366,3
1,13.549590609563634,3
0,1.493904203874338,1
0,0.8730267849550062,1
0,0.953229011067127,1
0,1.1298912381977013,1
1,5.39551572790522,2
0,0.7860142289868169,1
0,1.0403645423496726,1
0,1.0280640408846362,1
1,6.329784233533933,3
0,1.1289837137969192,1
0,1.290782454231004,1
1,3.680372945460797,2
0,1.6420524109797145,1
0,0.5633596729911864,1
0,1.8355033530606204,1
0,0.2107721597313762,1
0,0.8657668219358493,1
1,11.584085597899083,3
1,0.6368580599660358,3
1,10.099581428613837,3
0,1.66145835198635,1
1,14.63764206353511,3
0,0.8741629835930674,1
1,8.714517426235563,3
0,0.7564955813900411,1
0,1.4651578387462678,1
0,14.882370854941339,3
0,6.507326767573064,2
1,1.2576108242512096,2
0,1.579785168956574,1
0,8.048806921623523,2
1,8.681929486488725,2
1,7.629648775916547,2
1,0.18336436172845794,3
0,5.141173454691112,2
1,6.394987835053994,3
1,7.2983119569144,3
1,11.3535023199367,2
0,1.040408064781948,1
0,1.090006633302528,1
1,9.824094031485386,3
0,0.4603654080445616,1
0,0.621636462858346,1
1,5.988227349549502,2
0,0.31142273099087103,1
1,6.904826662439007,2
0,1.668344767797303,1
1,3.8130412136068275,3
0,1.6123357240718168,1
0,5.413246241305331,2
1,8.720663733253735,3
0,5.2577149836838215,2
0,1.4322646113291844,1
1,13.387475646024349,3
0,1.6473795619524474,1
1,4.13436086873015,2
0,9.651342744237908,3
1,8.8555215571872,2
0,6.540416392839784,2
0,4.862635595250295,2
1,7.839950332744703,3
0,1.7715269345971272,1
0,3.988018603734799,2
0,0.4706245905562577,1
1,1.3157489516359355,2
0,0.6188617025601365,1
1,10.07851460322142,3
1,2.002649219344078,3
0,1.1914986759085044,1
1,12.958882213441058,3
0,12.43648264431827,3
1,7.914442236857956,2
1,2.233048687715234,2
0,0.7462882400609318,1
1,10.113121344822883,3
0,7.615153667755147,2
0,0.7675320805924787,1
0,1.366509647301486,1
0,1.0136783351749297,1
1,16.545444084083012,3
1,5.569400477679158,2
0,0.30203224387233363,1
0,0.8814966749049895,1
1,7.763247113998162,2
0,1.094766470606106,1
1,6.905288560608034,3
1,3.9562366695490097,3
0,10.906424195196596,2
0,1.2745511756906514,1
0,0.2950421394390702,1
1,12.839473541753826,3
1,4.002598454166404,2
1,3.96311881449666,3
0,0.12950971605976636,1
1,13.272677795249768,3
1,8.66017654085181,2
0,1.0312939660025262,1
0,5.06775725236515,2
1,8.36532475047843,2
1,8.3000746947575,2
1,12.591003286120063,3
1,6.650746906797808,3
0,1.2039106856581125,1
0,1.234528457676725,2
0,3.363032825509465,2
0,0.9784665366534405,1
1,4.897629598404977,2
0,1.4545276681822605,1
1,9.181324688815355,3
0,9.541629333437356,2
0,3.3010076039965455,3
0,0.36896462986919176,1
1,10.451378618927105,3
1,10.708735021306508,3
1,11.711102677130008,3
1,3.817968839744707,2
1,0.5324753195424927,1
0,0.9871963246221723,1
0,3.8393942006299016,2
0,1.0221018646333595,1
1,15.005390684978163,3
1,0.028812460588831357,2
1,5.384742089725705,2
1,8.30629630531567,3
0,0.5680860686192406,1
1,1.6945943009608078,2
1,6.861606896888809,2
1,4.472114961990466,2
0,0.9908043555434216,1
1,5.141851561854018,3
0,4.641543609221152,2
0,6.102975507397989,3
1,7.129648002216066,2
1,1.826533707734701,2
0,1.8782170070091726,1
0,4.713769360956687,2
1,2.3742925311131917,2
1,3.364016043554984,3
1,9.800453751672599,3
1,6.152596899770041,3
1,5.603338476684291,3
0,1.0752647646958688,1
1,11.158733692759892,3
0,0.9050442716912287,1
0,3.914517711382881,2
1,7.700228675393133,2
0,3.266602589043682,2
0,0.4043749670350104,1
1,6.618224643881677,3
0,1.1475582290371202,1
1,0.5963855328696405,1
1,8.89830371377947,3
1,0.28021735310230955,1
0,4.528060587711253,2
0,2.871698713454241,2
1,6.993707119117113,3
1,6.601662006183187,3
0,1.6307437683332355,1
1,10.101950688380105,2
0,0.9005829364853766,1
0,14.987529250084261,3
0,5.778111287687707,2
1,8.12846377408449,3
1,12.309054950074248,3
1,6.703948408886411,2
0,1.6947191091259783,1
1,6.3905804472302385,2
1,3.4649786673982086,2
0,0.7462890167271614,1
0,4.294634055974262,2
1,18.935750917697305,3
0,0.5232737110966674,1
1,19.02442322378325,3
1,3.60858921721703,2
1,8.240725085668839,2
1,5.382194232311561,2
1,10.754083130865213,3
0,1.5001635736402938,1
1,5.164858041968938,2
0,0.7271803119709028,1
0,0.9784424042785732,1
1,7.8036782559023266,3
0,4.0180891979603635,2
0,7.0199378519180495,2
0,5.455263853890494,2
0,1.2014369273941898,1
1,6.228250171714565,2
0,12.188836946234296,3
1,15.378421115388516,3
0,0.949039724709231,1
1,12.000588845181156,3
0,0.19693422471340627,1
0,1.1295003349339061,1
0,0.9333770083327086,1
0,0.6144076671837195,1
1,3.369018727233221,2
0,3.0643834436400024,2
1,0.9780735057817843,1
0,10.352135982499993,3
1,8.553849079510288,2
0,2.704012339632066,2
0,10.499973715828151,2
0,8.577236739409932,2
1,0.008198914047498285,2
1,1.056200154707124,3
0,1.23860350623587,1
0,0.10931154982060898,1
0,3.8987079525282002,3
1,4.3971679580632825,2
1,8.251181023129657,2
0,2.316457171487488,1
0,13.380489101248395,3
1,6.4950220799134994,2
0,0.6571716185162384,1
0,0.6398597752151329,1
1,9.155813868218074,3
1,2.4339555638484365,2
0,5.996529553320113,2
0,5.86798223807641,2
1,15.623808030479726,3
1,6.553491774231322,3
1,12.538114131785214,3
0,0.2571183720736201,3
0,10.012004889169845,3
0,1.498305600082253,1
1,5.198060931612802,2
1,11.25213466348289,3
1,11.848456008674859,3
0,19.15175531309324,3
0,5.29420469091146,3
0,0.8609186958877799,1
1,4.809652126997907,2
0,2.0433325206279616,3
0,0.6834050097894425,1
1,2.920485249477374,2
0,0.7487530914160498,1
1,18.897040463308624,3
0,1.8873358827379685,1
1,8.23793704476034,2
1,11.858543981767646,3
0,7.497191346602381,2
0,1.4070526512201653,1
1,11.691538601218557,3
0,1.3048273125299525,2
0,1.2344119300720213,1
1,3.0963583897372438,2
1,4.322338691917204,3
0,1.3590059505144871,1
0,1.8557315677300665,1
0,5.200730810442505,2
1,12.958695592710965,3
1,-0.7709166589638237,2
1,3.6199201795640614,2
1,1.3448733977499936,2
1,3.0899930513712093,2
0,0.4156290955671288,1
0,1.135904377275366,1
0,2.7532670776070174,2
0,0.27615826543108,1
0,0.7884945334701723,1
1,6.1291841455953735,2
0,6.8388385226827175,2
1,5.772406285329596,3
1,5.9194456361429,2
1,3.5428738559511723,2
0,1.2382458499419609,1
0,7.273205921059277,2
1,3.8772719090507497,2
1,11.476998972148486,3
0,8.673137153125568,2
0,1.4823963372882536,1
0,1.50178795411798,1
0,1.3371112908832494,1
0,0.990475016673944,1
1,-1.0405396677343246,2
1,5.976777080872927,3
0,5.325236687296,2
0,1.3132258261679377,1
0,4.241323141468569,2
0,1.0264172874121118,1
1,4.623835977842058,2
0,0.6204629407689018,1
0,0.4792639638090246,1
1,9.755876557214888,3
1,10.555620095794653,3
1,5.471852118756738,2
1,2.9521874919215505,2
1,10.448015939397227,3
1,8.623928507341668,2
1,4.750643616800666,2
0,0.36116540147751763,1
0,1.0690424964057568,1
1,12.036916643454829,3
1,8.025047963565857,2
0,0.8011909560997021,1
1,5.067401847248801,3
1,4.598009601956072,2
0,0.7550682206481298,1
0,0.741544078961818,1
0,3.9549265642737765,2
1,5.998585371497946,2
1,7.023428109829625,3
0,4.688426675384022,2
0,0.8865589331426854,1
1,12.082271525905353,3
1,0.6231944878528779,3
1,-0.06622155446918931,2
0,-0.09839265225590244,1
1,5.45960451470574,3
0,1.4160160656191243,1
0,0.3821450949403451,1
0,0.32874775316088767,1
1,8.277586728926403,2
0,1.8796400574918735,1
0,0.5075434677486643,1
1,12.412722086122185,3
1,8.294651658871652,2
1,9.121657067405875,3
0,1.3480755815774437,1
0,0.8249596426971025,1
1,12.637301636898659,3
0,0.9412284915138442,1
0,0.9361208798479363,1
0,0.9466714337876447,1
0,1.6943725066797128,1
0,1.0368587969481031,1
0,8.65542619878415,2
1,3.930970373340104,3
1,10.875208460270867,3
0,1.1525631024088345,1
1,6.630088915084096,3
1,5.745335214138188,2
1,12.631205477008956,3
0,13.86130673272593,3
1,3.0920025264896367,2
1,8.792134812780459,3
0,5.474964133887775,2
0,0.7851416942912687,1
1,0.9368516220717514,1
1,6.040892454919711,2
1,9.706633639114864,3
0,0.5007806022850418,1
0,0.6443762465703824,1
0,9.615756320628977,3
0,0.20301451448651475,1
0,17.482738733696834,3
1,10.123064374681187,3
1,14.825910725852413,3
0,8.958920708552114,2
0,4.08427346005544,2
0,1.174325953751743,1
0,13.95231273858596,3
1,0.6888838910576685,1
1,7.965000213148721,2
0,1.3431963818899602,1
1,5.418389952154638,2
1,6.6144878641181535,2
0,0.9862573501226051,1
0,0.790836877088446,1
0,2.650165331600896,2
0,0.6372768108875658,1
0,1.1819292520511886,1
0,1.1049107595977754,1
1,13.388259772412484,3
0,0.20803165447710636,1
0,1.5942491140988306,1
0,0.29683903877818474,1
0,1.4545583963661506,1
1,14.330262104167987,3
0,0.6497392481531887,1
1,0.902519773412827,1
0,0.38969425125956547,1
0,0.591796638019412,1
0,9.475517970811067,3
1,5.532127322287132,3
1,16.33416917856097,3
0,5.936220991652908,2
0,8.56624850499498,2
1,10.672409533816133,3
0,16.87731357808211,3
1,11.067346032887055,3
1,7.384107494212303,2
0,5.133827828981119,2
0,1.0851704014082801,1
0,5.957737585579801,2
1,8.675323082216684,2
0,12.441951124285874,3
0,1.5478599956621049,1
0,0.4496362957950144,1
1,7.352030312114405,3
1,6.612189755289265,2
0,9.0512460468292,3
1,0.4007702702456175,2
0,1.9523864682754049,1
0,10.61414468990204,3
0,4.449760781571968,2
0,14.018066599650277,3
0,1.0085037198328899,1
0,13.155812279427384,3
0,0.770618834437516,1
1,1.7974964600479981,2
0,1.5992441631322807,2
0,0.8709880480892875,1
1,7.566918046281928,2
1,-1.1369714064675085,2
1,4.297448463190316,2
1,3.8464095433433254,2
0,0.5758387869635974,1
1,10.105717817688278,2
1,10.805108859106046,3
1,3.9081962091577487,2
1,13.816462470636349,3
0,7.124225909115273,2
1,7.750387651703823,3
0,3.063358603842667,2
0,8.154940637948304,2
1,4.703425913132516,2
1,10.043288685862834,2
0,0.7040360590291019,1
1,8.805839132588996,3
1,10.679418489956515,3
0,0.5908009902714444,1
0,2.466447275845657,2
0,2.316313931086099,1
1,4.139951055473187,2
0,9.180306117603145,2
0,0.8364427963511583,1
0,0.22038516210809656,1
0,7.0725519280314,2
0,8.85910083935633,2
0,0.39697717224751283,1
0,1.1302952620174966,1
1,4.714524967857981,2
0,1.4475130634867028,1
0,4.538857439978131,2
0,3.9577567263711395,2
1,19.659273860590464,3
1,7.339747465735931,2
0,1.4221566316127077,2
1,14.338144508882,3
1,5.3794192232146845,2
0,1.4611861378643902,1
1,5.1042856507339245,2
0,3.8745683289071606,2
0,0.7080193628118641,1
0,0.09004562145733075,1
0,0.533516303320454,1
1,2.0625098970022697,2
1,10.094260132818864,2
1,6.548532982727031,2
0,5.9571446410869475,2
0,8.085129874680824,2
0,0.7912838024620774,1
1,6.200561331807712,3
0,6.270580090559184,2
0,1.2425002028110876,1
1,6.144777540489376,2
0,1.7357541557897838,1
0,0.6607853208569062,1
0,1.4654617696948713,1
0,0.493591793675365,1
1,10.105513586627993,2
0,1.520737018803124,1
1,17.477381803798156,3
0,5.845789306736523,2
0,1.3304038890873566,1
0,0.08551725183220438,1
1,8.416704568467624,3
0,0.03366453060231256,1
1,0.6894537959942699,2
0,10.26935689777023,3
0,8.523360820074044,2
1,10.56627131859954,3
0,9.105023103393833,3
0,1.3430613735032657,1
0,4.7043473697324885,3
0,4.772663201033574,2
0,1.5373429577270536,1
1,4.759291815224483,3
0,1.6357842644224807,1
1,5.592651931773665,2
0,4.861350080497692,2
0,6.452907974556299,2
0,10.306651222712976,3
0,8.038441181526752,3
1,7.023358323947936,3
0,0.7756191378906343,1
0,3.2066742491834583,2
1,0.3612720637621286,1
0,9.234888723016057,2
0,5.147431440478415,2
0,2.0723173953062957,2
0,1.2037839639691907,1
1,5.851661587315844,2
1,7.615235949950066,3
0,3.2588468268749686,2
0,6.640203593539404,2
0,4.774081040466872,2
0,0.9723209345340048,1
1,2.298114891269244,1
0,10.720233031212066,3
1,16.678905719791626,3
0,0.4332281177716665,1
0,12.962025850475044,3
1,3.2760101628911453,3
1,8.525469379736242,2
1,-2.6642310219957057,2
0,3.1766762661441907,2
1,4.84890187109617,2
1,3.669591866318757,3
0,1.3728379017996573,1
1,7.916758007513574,2
0,1.2549947661755103,1
0,0.6163671875152994,1
0,1.1300638010881632,1
0,11.353399864840686,3
1,12.733566464592261,3
1,19.124069660903455,3
1,6.713068198802851,2
0,18.452566443294735,3
1,14.569834278318869,3
0,0.13216697618052964,1
0,12.349905882125586,3
1,10.088273402050405,3
0,0.6242464921542104,1
0,0.7419097240086654,1
0,4.2991509534646974,2
0,0.7653118087430917,1
1,4.925785833091119,2
0,0.5839405974655034,1
0,6.377733775564391,3
0,3.36739120068825,2
1,14.494497416562705,3
0,2.4536894434736682,2
0,0.9007538329166305,1
0,1.4030577954824506,1
0,1.3388266335276722,1
0,12.473261848694118,3
0,4.742183576425942,2
1,4.758220445648752,2
0,10.227079175245537,3
0,0.9221448209972563,1
0,2.009944287490104,2
0,1.3991688289020716,1
0,2.372588025196608,2
1,6.280829358134239,2
1,15.51352935152547,3
1,6.146325865510219,2
0,1.1144182404763259,1
0,8.442842148932032,3
0,1.5650429568730118,1
1,18.813484315169042,3
1,8.860660343797111,3
1,19.863688981747682,3
0,5.35449158717418,2
1,1.5043663118193602,1
1,14.285324067603558,3
1,4.613966132283294,3
1,9.238311420206388,2
0,0.6391415528041557,2
1,6.655141581794508,3
0,1.6744145780180077,1
1,4.977337385788179,3
0,1.478725142240531,1
0,2.988427364213478,2
0,2.41179412189185,3
1,18.85870871386269,3
1,8.827425642403124,2
0,0.9551717350760195,1
1,0.02596298605459868,2
1,20.322319946051074,3
1,0.47017805665363444,2
0,0.8458457685479105,1
1,1.4041566785151272,2
0,2.7064225249709875,2
0,1.419758905587277,1
1,16.971291648525074,3
0,0.538063717718007,1
1,2.4802006206625467,2
1,9.48338129898339,3
1,-0.2992335882630712,3
1,19.01204356174152,3
0,0.9275259121245223,1
1,0.7128842116479551,1
0,12.225362713203204,3
0,6.601691603184275,3
0,5.493287361661587,3
1,15.907870021762077,3
1,8.18083540880403,3
1,8.298322157235058,3
0,11.501826085165522,3
1,4.430773861633437,2
1,17.452869347271385,3
1,5.705608780521116,3
1,0.2449321894349712,3
0,4.0886140728389915,2
0,0.5887413623175957,1
1,1.2088615192539252,1
1,12.322582124249646,3
0,6.037438114403435,2
1,15.690752486370219,3
0,1.3810787810453442,1
0,5.772832015842236,2
0,0.514347830263257,1
0,0.6430784156811921,1
0,4.7473988564895135,2
0,1.5104254800229255,2
0,1.9358311808740165,1
0,0.9170759458131765,1
1,8.614718047117345,3
1,7.846163982765937,3
0,1.5206169937274088,1
0,6.464477101012284,3
1,9.041045666528163,2
0,1.3004005608857778,1
0,5.568236411531276,2
1,0.37321069807694485,1
1,6.156072510031178,3
0,0.8279436886589051,1
1,4.107260176624063,2
0,1.3779083012755107,1
1,7.72091676537387,3
0,1.3532987636505038,1
0,0.7278347045813129,1
0,1.102334329548933,1
1,8.638370257176886,2
0,6.981687947778288,2
1,11.40293383676167,3
1,6.588304914033033,2
1,5.50612633705022,3
0,0.18186676573956906,1
1,1.0268036934266231,1
1,14.786818506181685,3
1,9.475148901856793,3
0,5.268364511088105,2
1,2.0974419655378047,2
1,0.9573455909639782,1
0,1.372962833116457,1
1,14.347853848030567,3
0,2.2061415361540133,1
0,1.4059083054122286,1
0,1.1695227554107472,1
0,5.025256688164229,2
0,0.37535376333062553,1
1,14.346998452152967,3
0,10.224410332375953,3
1,4.424325447527988,2
1,3.229947650646521,3
0,5.5699783446898286,2
1,1.9749837656795737,1
0,0.1753650828926876,2
0,1.4478414795346572,1
1,2.889433757864506,2
0,2.819221929243496,2
1,14.369252202954321,3
0,0.9530473106628854,1
0,3.3114386686057147,2
1,5.015117672388791,2
1,-0.32905984891256224,1
1,4.040191322276105,2
1,2.4865627195665017,3
0,9.947145188216119,3
0,2.025660118085861,2
0,4.158051389894826,2
0,1.104211346755801,1
1,14.599070580904108,3
0,1.3589939627211425,1
1,9.110011193002029,3
1,4.443728093240094,3
0,2.1482921137509225,2
1,7.209513667633349,3
1,6.107877236542354,3
1,15.108539224649451,3
0,10.197583164554535,3
0,0.7800872801333627,1
1,9.336514828299652,3
1,5.028216056272605,3
1,5.898624880202895,2
0,3.3629215052117774,3
0,2.1648488692377503,1
0,0.9085047744915729,1
0,7.466486962360537,2
0,0.9402256346387887,1
1,21.18455475141046,3
0,1.7347711577931548,1
0,6.979208093014231,2
0,4.727183459125321,2
1,7.865891118445182,3
1,1.1838039548493429,2
1,0.6334656589951134,1
1,4.030405684883415,3
1,1.1140800337419394,1
1,8.330302835545705,2
0,3.160526072314288,2
0,-1.3026659921883201,2
1,16.805189222104723,3
1,16.35731776118303,3
0,7.536582458220965,2
0,0.6406314894695408,1
1,2.44197994403067,2
0,1.7344877717076614,1
1,4.473838447197949,3
0,16.343920387898613,3
1,7.1479459732742034,2
0,-0.2472258936128211,1
0,2.1048307211583928,2
1,7.752603206859565,2
1,16.131432783663694,3
1,0.9201983852419816,1
0,0.8546387854072724,1
1,6.753688616093031,2
1,13.49778643927022,3
1,6.237038097896108,2
1,6.960220858369067,2
1,8.327033355168734,2
0,0.559750865262802,1
1,10.094528173432835,3
0,1.0478201789763877,1
0,4.805017292078007,2
0,1.5587047330094728,1
0,0.9602380248070973,1
1,0.5212838671336297,1
0,2.4118237551011235,2
0,16.014862892458343,3
0,1.4557678578322615,1
1,6.3884821683716435,2
1,2.595642960658192,2
0,2.665332601063457,1
1,5.499425692396868,2
1,2.1871696165127323,2
1,3.642314670098205,2
0,2.991591133504013,2
1,6.84676533337427,3
0,0.4004693717342027,1
0,2.5936973680188853,1
0,0.2506479286176726,1
1,1.5162590456745153,1
0,0.4609590001057905,1
1,2.4405193479033227,2
1,5.659971853415264,3
1,0.08045155638343005,2
1,9.630921497152547,3
0,9.538999403298078,2
1,5.840993089005545,2
0,8.065463652195442,2
0,0.5156061071585076,1
0,13.367218991911464,3
0,1.222890866846524,2
0,2.179033503277749,2
0,0.24388393311981538,1
0,0.7654948081860227,1
0,3.214140688182935,2
1,13.777753520115617,3
0,5.227380626817345,2
0,9.343288780159208,3
1,10.611685970711598,2
0,0.6751815492934763,1
0,0.19683926728980017,1
0,1.2664734680986212,2
1,5.089356214698659,2
1,4.402683819023722,2
0,5.6818147807350385,3
0,0.20864812555149026,1
1,7.640687736490971,2
1,6.157699097962282,3
1,7.926559544382674,3
0,0.46359570337530176,1
1,7.396364482565863,3
0,3.7821091727959377,2
0,0.2550358132698597,1
1,17.961323617188814,3
1,6.835397342921894,3
1,1.4968019359505924,1
0,1.1352026500108923,1
1,15.560710220444134,3
1,15.838126590826608,3
0,11.949923650564337,3
0,10.10369871126185,3
0,1.3515819713920838,1
0,1.7390310333356886,1
0,0.8036797244551364,1
0,5.7319342472633785,2
1,4.8192572849458974,2
0,0.6322054157812786,1
0,1.0235974196072386,1
0,1.579431980753904,1
0,16.093600248728094,3
1,8.526649446093396,2
0,17.672390712834364,3
1,7.395176701291426,2
0,0.32098738349363354,1
1,6.185185686076945,3
0,12.625538834008378,3
1,4.592235732329174,2
1,4.830561303658479,3
0,1.1207645726496418,1
0,-0.25779555816309285,1
0,0.7177921212765623,1
0,0.3203950866529137,1
1,17.366550906210275,3
0,1.0991763961662167,1
1,4.080022288701382,3
1,6.299986514057325,2
1,20.178691742706775,3
1,16.20609603883338,3
1,5.2308209021625425,2
0,9.194536144379834,2
0,0.5698711316960825,1
0,5.07517636916378,2
0,0.498400293450048,1
1,1.0571578948878924,2
1,2.161036793187585,2
0,0.6970775692661035,1
1,7.198403407376762,2
1,0.9936577728584761,1
1,1.3395092463473763,2
0,1.9935048569732032,2
0,0.740091372556277,1
0,1.107431912107016,1
1,7.033640107201741,2
0,5.574065780944556,2
0,0.544877585311363,1
0,3.252380325228488,2
0,0.9545290858825044,1
0,0.8525519554003438,1
1,1.3475917850011472,1
0,0.9355886549118919,1
0,0.6401627989521299,1
0,3.7332552755725956,2
0,1.1176785051294942,1
0,15.81290948549757,3
1,12.677034091520069,3
1,3.7366809456080388,3
0,0.5827607001246554,1
1,2.7800496002275787,2
1,3.0957997283087444,3
0,1.0658430207793812,1
1,6.420216637896305,2
1,9.445338236928318,3
0,7.17652797888209,2
0,6.385890861426733,2
0,4.891740237936214,2
1,4.656896303825181,2
1,11.31204749786119,3
1,2.375541267259636,3
1,7.044878597757844,3
1,6.729355898889985,2
1,1.7223199596002257,2
1,15.939549913850929,3
1,1.395209813049778,3
1,15.988140492146982,3
1,0.6754116648638416,1
0,1.5202547425117139,1
1,7.586460837471488,2
0,0.8164363923602772,1
0,0.8955092501016759,1
1,10.053694719084794,3
0,1.5898703417605735,1
1,8.492442399121684,3
1,7.336811283780133,3
1,12.920754168474437,3
0,7.037921819703495,2
0,2.4132943546516143,2
1,9.523528313058646,3
1,12.950534507627939,2
0,10.848055392164921,3
0,1.5831563729531173,1
1,7.810244869907697,2
0,1.0851920776303152,1
0,7.038720880419241,2
1,12.288444667886942,3
0,1.1295980379096333,1
0,18.510900280218557,3
1,1.3435522792459524,1
0,10.896464436803418,3
0,16.970315029598858,3
1,11.37118276332141,3
0,1.0472498700991544,1
0,-0.2207038026258623,1
1,7.018245775022179,2
0,6.708630560808083,3
1,8.370342564981843,3
0,5.665271992890911,2
1,3.1332801334360765,2
1,19.199657621238867,3
1,3.3338190523425233,3
0,10.051860471801012,2
0,8.636460103277726,3
1,6.161042398997516,2
1,0.5162267896665238,3
0,3.44278815001031,2
1,3.342167193195211,2
0,1.5919882907342502,2
1,12.02652110243339,3
1,3.6415781578184374,3
0,0.45226526028508474,1
1,8.251572593085493,2
1,5.063981581827999,2
1,8.707104172106169,2
0,6.3105094091954275,2
0,0.5908452915179516,1
1,7.528933646328915,3
1,10.452283300877253,3
0,0.7249608398295775,1
0,0.15701567801418315,1
0,4.578089052569498,2
0,7.967162493688266,2
0,0.6063839383087393,1
1,12.262437676760445,3
0,3.54921066688489,2
0,1.194134935879628,1
1,7.782710967517606,3
1,1.7765484848960709,1
0,1.1078576132197673,1
1,6.8637625684325245,2
0,0.8148253513846957,1
0,0.9307953199467456,1
1,4.920103816254777,2
0,9.19607155524079,2
0,1.0185579295893927,1
1,8.364035220042727,3
0,0.4655020102329427,1
0,-2.013660406850467,2
1,9.761737796009593,3
0,6.050544471835017,2
0,0.9340830418924992,1
1,10.11929984002314,3
1,9.197634370595402,3
1,5.296956975856612,2
1,1.6136147583116944,1
1,8.042532104656559,3
1,1.8608920724894826,2
1,13.807697123349637,3
1,5.36959278046367,2
1,5.045466404269801,2
1,2.032541116193049,2
1,15.451462288068738,3
0,7.110049574042394,2
0,8.328991829865918,2
0,1.0153299889521643,1
0,1.46424971127087,1
1,4.239531935675504,2
1,6.353063777015989,2
1,6.615340203508567,3
0,9.56427102704741,2
0,1.9522922330610033,1
1,4.808678367988434,2
0,7.487290257425682,2
1,7.617432160385974,3
0,2.0027926411353785,2
0,3.749042161482498,3
0,3.658796553636002,2
1,5.491456595675009,3
1,1.35491747215853,2
0,2.3735727523444257,2
0,0.6649790266277389,2
0,1.000990448395688,1
1,0.5805626940142805,1
1,0.5610412944819421,1
0,1.656025379008909,1
0,2.4689008197733524,2
0,4.9020508289247,2
0,2.574023839620487,2
1,6.338376101158964,2
0,1.9733066651320057,1
1,8.213544610839909,2
0,4.434421359666091,2
1,13.163208667975521,3
1,-0.024306456065224857,2
1,8.849643140829452,3
1,1.2487068833731314,1
0,8.265061404595127,2
1,3.243702337959291,2
0,1.5520630517344562,1
1,8.390606467956852,3
0,3.872428453805838,2
1,2.8763777679988065,2
0,9.10422717051043,2
1,9.021398602933923,3
0,1.2807751278946409,1
1,14.309716436583747,3
1,7.783838162680226,3
1,3.1044779773634605,2
1,11.711579995502422,3
1,4.009390022088361,3
1,10.109060018003671,3
0,1.4721781518069061,1
0,1.257498531327109,1
0,2.301571635439144,1
1,15.713172121006977,3
1,14.391064913036503,3
1,4.304192623336014,2
0,11.80126208535458,3
1,5.919144590641097,3
0,1.2101942625751165,1
1,3.8798897536891452,2
1,5.3454696748889905,2
1,4.962477190756476,3
1,7.300955695035245,2
1,4.105527123871975,3
0,0.8484811836215531,1
1,1.2713304158766192,3
0,8.620689066009861,2
0,0.38679974957796925,1
1,14.346813266514042,3
0,0.17760172917074368,1
0,14.06332666495678,3
1,17.438287247720872,3
0,0.6538479607771784,1
1,7.609119237982639,3
0,2.347600063233341,3
1,16.684829258189634,3
0,6.255928749588508,2
0,15.097426458418688,3
0,-1.5931965080712915,2
1,7.18624849580302,2
0,0.7091380112096517,1
1,7.670308411267298,3
0,1.7114895876997231,1
0,2.0629774819118296,1
1,1.1962767246800725,1
1,11.507902345854761,3
1,3.0033418274578945,2
0,1.1693571291042537,1
1,9.300656104457941,3
0,1.427602633526805,1
1,0.9364979459206877,2
0,3.0570862353134256,1
0,0.7091074077163593,1
0,0.9211238534859041,1
0,20.68687817835643,3
1,20.58080111653993,3
1,1.025674991087996,2
0,0.930902768061036,1
1,7.948038911063716,2
0,1.0555437108501897,1
1,2.2929616928094143,2
0,7.831392547138082,2
0,8.78821700453865,3
0,16.005608758061058,3
0,0.8086984795271043,1
0,5.179537173770096,2
0,2.3844670059836695,2
0,8.563478219422052,2
1,7.171394917240236,2
0,6.485785254359765,2
0,0.7372275189349458,1
0,10.33569381342311,3
1,8.374580633168284,3
1,4.98450636247471,2
0,5.086233519577415,2
0,1.1442944849072223,1
1,6.980267302694381,2
0,1.974529389414672,1
0,5.8286999285918695,2
1,4.53364141033311,2
1,10.948078926756946,3
1,7.206912824642331,2
1,9.135645397470332,3
0,7.136631714916191,3
0,0.9117741912483728,1
0,1.2012177498641101,1
0,8.119720021688243,3
0,3.914283384890556,3
0,2.0401356667766155,1
0,1.8143870172467804,1
1,12.09526500945145,3
0,1.1179629562006543,1
0,4.356386133804837,2
1,8.153910143268687,3
1,5.229040284857002,3
1,11.117409080247242,3
1,1.3117752115128023,1
1,14.07679099885943,3
1,15.976336827851982,3
1,4.699709827154051,3
0,14.935426787198871,3
0,1.0590573305517625,1
1,6.105887188970194,3
0,2.5976596811930666,2
0,5.232511025497637,2
0,5.767831210063568,2
1,8.260136976886844,3
1,6.7621680934150685,2
0,7.043203792069505,2
1,0.4637761492312794,1
0,3.8481910965778505,2
1,7.232006123918033,2
1,1.3308627967591176,1
0,1.3719030358637798,1
1,11.557525206063005,3
1,0.46561547200793396,1
0,0.32597059108564075,2
0,1.454478123291261,1
0,7.947552602154932,3
1,5.993702064422107,2
0,1.1783847116611819,1
1,16.574094638529925,3
0,0.5926019951286252,1
0,15.600637120559314,3
1,3.2271467798945626,3
0,1.1704431053569726,1
1,5.189705667508477,2
0,1.8886289883980192,1
0,1.21859953096628,1
1,7.766614475208586,3
0,1.0946853065231041,1
1,4.605965525521498,2
0,3.906123759366297,2
1,13.170118050311268,3
1,14.98180182977623,3
0,1.6273573743757863,1
0,1.3251456978506804,1
1,6.219032937079604,2
1,1.307316579101204,1
0,0.8098296663700236,1
1,8.442019975068611,3
1,3.7216814691988738,2
0,5.5222391386911545,2
1,8.050173338099682,2
0,0.8166451767173508,1
1,11.324198643387366,3
0,0.44087762947982856,1
0,1.7848036555565119,1
0,0.8832162382240121,3
0,4.110070461816973,2
0,11.327126062858852,2
1,3.996936363910006,3
0,1.0297245231299117,1
0,7.417616858850501,2
1,0.3872083887859523,1
0,7.86649291049994,2
0,1.0682521326984609,1
1,2.8916540088883584,3
0,2.331549974155326,1
1,7.590655789722364,3
1,3.4533916768375783,2
0,1.4335082898956464,1
0,8.094209909680245,3
0,0.8024714894231241,1
1,11.601068013872617,3
0,4.34604432632055,2
0,0.4392260488972989,1
0,8.55022705395596,3
0,0.8787309414669185,1
1,13.421938181009674,3
0,5.654345228629133,2
1,4.947811285428559,3
0,3.8289887129922517,2
1,2.7653889556573086,3
0,9.37649008084789,2
1,13.821686097150929,3
0,1.9092435318267098,2
0,1.0944774983357366,1
1,15.705826373167884,3
0,0.32928955677588,1
1,9.044117022470228,3
1,-2.3054683595193337,2
0,6.92453114239265,2
0,1.0960176095135705,1
0,7.318798715810055,2
0,9.609283628337508,3
1,4.876716705889752,2
1,10.96247249478544,3
1,6.118050340585856,3
1,6.290422503379945,3
0,1.318061747897286,1
0,1.552629649459159,1
0,1.1946087382739083,1
1,-1.9385400247263007,2
0,0.6128726964144637,1
0,1.2644846464985584,1
0,5.508703975721131,3
1,0.8123149067243095,1
1,6.610454975250392,2
0,0.9418198194486808,1
0,4.540460576376615,3
0,1.0516296268499143,1
0,0.9221363046009045,1
0,0.6224701480641779,1
1,4.845949868151181,2
1,14.47013145278899,3
0,5.830520683558036,2
1,11.356341732123932,3
0,1.6352897609416694,2
1,21.806121079626543,3
1,5.223736126958364,3
0,0.518911744193097,1
0,1.2374781766688328,1
1,8.975692375101879,3
1,16.59990959550965,3
0,1.3875934553277496,1
1,6.9988508498771544,2
0,0.8975627734033338,1
1,6.058836599115118,3
0,2.102258027197773,1
0,1.0155500361541983,1
1,13.49264954452831,3
1,4.011625704478012,2
0,9.157029248928636,2
0,0.3468149524673819,1
0,0.9559005208760677,1
0,1.2220457534869777,1
0,0.7346255006929561,1
1,7.162555154310563,2
1,5.81694438368232,3
1,13.506803985388244,3
1,8.916845190895796,3
1,10.284265433410297,3
0,1.3768984084742457,1
0,4.3048110124372645,2
0,0.6524523606645583,1
1,9.204090548126183,3
0,1.379845533646733,1
1,12.794619546856124,3
1,1.4542450977303574,2
1,8.282567887273755,2
0,0.560724549649037,1
1,6.479405332019828,3
0,1.7391483196455184,1
0,0.6730439796109258,1
0,1.7857584559982365,1
1,9.4300523145883,3
1,1.6901332718882192,1
0,0.20261854196736917,1
0,4.844575607674692,3
0,0.54581103309178,1
1,5.4685047365063895,3
0,5.106083777570539,2
0,5.760848598581173,2
0,0.013066976681955111,1
1,12.638880865059917,3
1,4.994222994416699,2
1,2.367313204854333,3
1,7.57803967617144,2
1,10.921963542459492,3
0,1.255921802467625,1
0,0.33790805523682077,1
0,0.5364505515551113,1
1,2.8873305216491745,2
1,0.3590679590558521,2
1,7.270002961877464,3
1,2.8654883032401375,2
1,8.84316051930768,3
0,4.676991906110357,2
0,-0.41730194946813093,3
0,0.019830194914122856,2
0,1.029436369761435,1
1,1.157293462590212,1
0,7.257615288651609,2
0,1.3332796130217073,1
0,0.6116280132596255,1
1,1.9587515965958606,2
0,0.8186943923691288,1
1,3.58108740387755,3
0,2.3561418205233897,2
0,6.314595308585308,2
0,-1.2025816997450631,2
1,8.372538882754839,3
1,11.362005710049598,3
0,6.8982732390651815,2
1,3.5458838020025722,2
0,-0.7286407878054844,2
0,5.358021782205959,2
1,10.672132142257935,3
0,1.8328202468523256,1
1,3.439153533324774,2
1,0.3621988601263294,1
1,2.828543151729001,2
1,14.961749090178731,3
1,9.801077053953342,3
1,3.2232155126025885,3
1,2.0087525478390997,2
1,6.606861012681014,2
0,0.7592941387780097,1
1,7.643562742961048,2
0,1.2391271553139338,1
0,9.968586939082883,3
0,4.234752909555701,2
1,4.280453646205931,2
1,5.005056483428912,2
0,2.0091637943728706,2
0,2.9978421503722186,2
0,0.5409144980419596,1
1,16.26340982522088,3
1,8.76245597452325,3
0,1.2311878892785137,1
0,0.8249598983007211,1
1,10.453731104053118,3
1,13.016024201912884,3
0,5.756453323692611,2
0,3.996524027015245,2
0,0.9121086690260763,1
0,0.8807230204373213,1
0,2.0586238737258595,1
0,0.9315699309757663,1
0,4.199244728514323,2
0,1.1817878670403341,1
1,11.239915825569923,2
0,7.898884824530162,2
1,8.611538431433978,3
1,6.277889326766306,2
0,0.5697484510625246,1
1,1.084261404695557,1
0,1.1887749398223502,1
0,1.8938946389572358,1
1,6.334105913176316,3
0,1.847760406446116,1
1,5.38965888782287,3
1,7.105451103332526,3
1,9.378210624083616,3
1,10.14852609358012,3
0,18.420973840918094,3
1,10.899530480912487,3
1,8.987199611793253,3
1,14.03948063296341,3
0,1.3010008720624464,1
1,1.0726775759366391,1
1,11.183010880089526,3
0,-2.172314609394631,2
1,11.185981525057187,2
1,4.684026464975994,2
1,5.704896689162137,2
1,2.203900929528139,3
0,8.16668191159467,3
1,19.077790450689214,3
0,0.17833793819143384,1
0,0.7105392451509209,1
1,5.747860688503061,3
0,0.5366402456079704,1
0,1.399650187463094,1
1,10.702984378171717,3
0,6.4220027040194925,2
0,0.5719230216829624,1
0,15.16237736458558,3
0,2.964683645854718,2
0,0.39025932643765515,1
0,12.824716639685372,3
0,2.3093371992778007,3
0,4.301348214769509,2
0,7.05892737882996,2
1,13.499736229627395,3
0,19.517444539502527,3
1,13.382862038904676,3
0,0.6460731005356559,1
1,8.434231294560139,3
0,0.8939336467558752,1
0,6.586049663528477,2
0,0.469744310858893,1
0,1.338309658626954,1
1,8.110237563741116,2
1,9.611222657938796,3
1,1.2705613782329506,1
1,2.2593360408382166,2
1,6.246739827982942,3
0,4.545653207904747,2
0,13.32615912205273,3
0,0.9474049605513752,1
0,0.2735968564680781,1
0,0.39587598441757677,1
1,15.572689514411248,3
0,1.2793413306912775,1
0,1.4041539197442563,1
0,0.9048744860637759,1
0,0.9056267089776283,1
0,1.2624354872417887,1
1,1.5091310861081686,1
1,6.224324411218509,2
1,12.973329571090096,3
1,4.346612766541978,2
1,7.187138068192671,2
0,10.458835507700833,3
1,7.258660980458101,3
1,1.7377649258715397,3
0,3.7265368568966473,2
1,12.201286740377439,3
0,1.3491804435029282,1
0,2.3535338853360814,1
1,5.343069207082559,2
1,2.872522308218502,2
1,4.124143061296798,3
1,3.0188883540930465,2
1,3.6306804154988264,3
0,0.8164421330420765,1
0,5.806609125819961,2
0,0.8861487153055236,1
0,3.3140192316830936,2
1,1.2281534022416674,2
0,0.39855534890074185,1
0,1.196197316618262,1
0,0.030667822753193907,1
0,1.1843988966846382,1
0,0.8284943620786761,1
1,9.682560091587002,3
0,1.5475644861509663,1
0,0.4138020481645863,1
1,17.42059592154287,3
1,9.112931026210024,2
1,7.757366760018968,3
1,1.6566863994941756,1
0,4.442582950312184,2
0,1.3035097560403983,1
0,0.07946706631930656,1
0,0.3851755520106074,1
0,14.018162277458503,3
0,1.5592839833848064,1
1,18.262058665413186,3
0,5.276560561865697,2
0,0.7793396650401049,1
0,10.329462424176441,3
0,7.898487009953537,2
1,1.5357123836151447,2
0,1.1359045015260225,1
0,1.466251838508621,1
1,13.745779276511579,3
0,10.912967887846216,3
1,6.767760196907417,2
0,1.0477054706802595,1
0,11.596092131905236,3
1,3.9546178186284253,3
1,1.1360793678017789,2
0,0.5589935436246831,1
1,12.266016797089305,3
0,1.206165891861481,1
1,1.28563944583725,2
0,0.7700951976312819,1
0,9.082253942501755,3
1,10.004535846624773,3
0,1.5619110197837194,1
1,9.451881744236582,3
1,4.526543373082336,3
0,0.9785025391795475,1
1,11.180331949586993,3
0,3.782654583384696,2
0,0.7764553308193791,1
0,2.0222020338699083,1
0,0.94068363826644,1
1,11.232757238394939,3
1,5.745078807186038,2
1,11.818352209349717,3
0,3.659328682705868,2
0,1.1430385835102461,1
0,10.71079392209148,2
1,4.5689779118049785,2
0,0.7748393534829673,1
1,11.45909026816488,3
1,9.067479580037483,2
0,0.6129267323682034,1
0,0.19444516839663217,1
1,4.55076977613362,2
0,0.9930444044739807,1
0,0.8672713800075287,1
1,1.0328334031561657,1
0,0.5500261798059731,1
0,2.225356320980493,1
1,2.5245686706955013,3
1,4.363132058796165,2
0,3.711219712393526,2
0,1.371696489071234,1
0,6.624200883370159,2
1,0.14085092040900715,2
0,1.7208520045779534,1
0,5.482979402373454,2
0,1.0990042271015263,1
0,0.6502714344384575,1
1,13.765948334857526,3
1,16.87903532123542,3
1,9.798759793578304,3
0,-0.01818908913948558,2
1,-0.016809647977657605,3
1,3.6041058355657656,2
1,8.328355320387942,3
1,3.6198282268871615,2
1,7.160222683318714,3
1,7.25097506201176,2
0,7.095503369791818,3
0,0.03245953132020951,1
1,4.221757562627872,2
1,4.136932939045308,2
1,6.740722828055261,2
0,0.6977148783425695,1
1,1.6338364548626254,2
0,1.2493407928870632,1
0,7.188387801064668,3
0,5.342878532309157,2
0,0.9141919978079134,1
0,10.631566465738537,2
1,6.184932008933838,2
0,1.4526775169357247,1
1,8.141132900996656,3
1,0.5701847203712802,2
0,0.5805490489614296,1
1,3.827211190467061,2
0,1.3279734735711464,1
1,8.322508910617119,3
0,7.800322708888878,2
0,6.3532505089049875,2
0,1.1584340043195889,1
0,10.610158782272595,3
0,3.3756550910646284,2
1,5.105071372074597,2
1,3.7325911740159676,2
1,6.5498035836031905,3
0,1.033819483706939,1
0,1.0784551377286764,1
1,4.96132249617969,2
0,2.331645505346003,1
1,1.0330130317916986,1
0,1.1955919245816098,3
0,3.0784910940360897,2
0,8.01842165581121,2
0,0.42489620911405845,1
1,7.243153145131031,2
0,1.5535284735545947,1
0,4.435952260300461,2
0,6.235556390958671,3
0,1.4484367855097269,1
0,1.683291401016242,1
0,3.1738306468843422,2
0,1.0496939335567552,1
0,0.8250220941096806,1
1,7.573964011212922,3
0,0.6542156966189389,1
1,12.305622877781198,3
0,1.0061082718886205,1
1,15.908320923804814,3
1,0.8338086575175157,1
0,3.9707086570689185,2
1,18.654098680195673,3
0,14.737135636412212,3
0,1.1760028851440314,1
0,19.545374946043374,3
0,4.860747862064091,2
0,1.3218461017158405,1
1,12.428129402936252,3
1,8.50497422831345,2
0,4.978873897189162,2
0,1.2586388538324225,1
1,7.34932592974728,2
0,0.8113750565799209,1
0,1.4622273638141619,1
1,3.9777632033152015,2
1,8.952911651333244,3
0,5.664487009873753,2
0,1.1771411425640763,1
0,0.8838659167568235,1
1,7.999446825880507,3
0,1.5641037435994927,1
1,8.27313170870053,3
1,7.038337497630655,3
0,1.4112343813744992,1
1,3.252441768911689,2
1,8.552185187487098,2
1,13.123054943268752,3
1,1.1737529396533792,1
1,8.253728145623288,2
1,16.96190538744153,3
1,1.208578760412527,1
1,18.057952000330015,3
1,5.243514372842699,3
1,7.365362399254252,3
0,1.0958092341385999,1
0,0.5346301879210942,1
0,1.0192141859043828,1
1,1.6591163009131904,3
0,10.028868741265356,3
0,2.128981923252546,1
1,11.053708939724437,3
1,15.04656265501004,3
1,4.975786550528726,2
0,0.6826169595290057,1
1,12.442469408306861,3
1,8.03296235115607,3
1,11.461853056820202,3
1,10.443148594458835,3
1,7.912535636574363,2
0,0.9081478513834764,1
0,-0.031206587826461796,1
0,2.2919040165838864,1
0,0.8248884339450642,1
1,7.197459731098538,2
0,-0.03717590178077579,2
1,19.404282059193523,3
1,13.456240909217419,3
1,15.367997958395382,3
1,5.020834403806093,2
1,9.093141547539085,2
0,1.254045839209088,1
0,1.2028396069261942,1
0,15.256591771767443,3
1,8.342407429756713,3
1,3.5681197664741924,2
0,1.6620495947341432,1
0,1.0272714736677508,1
1,3.2747689421374457,2
0,12.77321259802956,3
0,3.4021852751654236,2
1,2.408968697615537,2
0,0.6693664335520801,1
0,5.3504609403347505,2
1,14.976518846519607,3
0,10.470053769443314,3
0,5.175144719610548,2
1,11.511676316346495,3
1,3.632249021679211,3
0,1.0304189153970822,1
0,6.666011591615973,3
0,1.8118204539328553,1
0,1.9388783609780953,2
0,0.7593265246092711,1
0,0.5946504672507554,1
0,0.8810264920911304,1
0,9.722627361306438,3
0,5.352727307438683,3
0,1.3068150536430372,1
1,3.8012129064261027,3
1,5.966611920538844,3
0,4.800413330108308,2
0,0.7314752086147758,2
0,0.2621835262182961,1
0,1.350862877643852,3
1,14.022673171927725,3
1,13.21535826236087,3
0,0.3876905557214546,1
1,2.0560286080016814,1
1,7.806610979202517,2
1,11.651742014018335,3
1,3.375853861347489,2
1,1.5948207480371153,1
1,0.05041367500670013,2
1,4.663287458973161,2
0,0.8173261399941543,1
0,0.5642568708908531,1
0,6.956975148903286,3
1,0.5646170541274511,3
1,11.083692819397452,3
0,0.3691719122766204,1
1,11.228263957003515,3
0,0.5369621602639971,1
0,5.8783409746327955,3
1,5.372712855231206,3
0,3.9052196336460367,2
1,10.849686296575463,3
1,3.8224301526454427,2
0,3.9675727365228943,2
0,1.6773677374797424,1
0,1.3243484293272938,1
0,0.9557432071788626,1
1,10.688098650338228,3
0,7.6867241899709615,2
0,1.661587242273749,1
0,1.4912154838634761,1
0,16.261069829638544,3
0,0.4658854555247506,1
0,0.8049607020082618,1
1,5.414000828071129,2
0,0.39368404757778397,1
0,1.205500489883875,1
1,2.7251741183093077,2
1,2.1811084049862424,2
0,0.2863270015769097,1
1,6.392545492619371,2
1,15.56589236002193,3
1,16.69402150510276,3
1,5.318778444873497,3
0,9.663653430640869,3
0,0.8861533897066103,1
1,1.5035225016724039,1
1,8.948582326004157,3
0,7.0913064239883346,2
0,8.366324254463962,2
1,5.459591851272959,3
0,1.151865707234414,1
0,1.4375406192138005,1
0,7.191336588483999,3
1,6.826438695399019,3
0,0.45405713117958446,1
1,4.129828743766811,2
0,1.9128882349260858,1
0,1.3778441209143435,1
0,0.8373350328974087,1
0,-0.09309406616814053,1
0,0.505026572853467,1
1,-1.334288823436646,3
1,5.73676372479965,2
1,9.611005196071032,3
0,7.093514155942966,2
1,4.6815666765711,2
1,7.405921233345843,2
0,1.2816889002868717,2
1,0.6049988352348841,1
1,1.4095030173397078,2
0,1.8461099974455442,1
0,6.25014135932415,2
1,6.891715951534897,3
0,1.1683013846945434,1
1,12.899943408212845,3
1,4.68775312002948,2
1,10.771950013637667,3
1,4.670563422324338,2
1,1.1512456849263244,1
1,15.421921000887965,3
1,13.958185553592557,3
1,3.5871578769211716,3
1,8.406515917841434,3
1,8.859295981283054,2
1,6.309142786312494,3
1,4.584107112667412,3
1,11.912694777777759,3
1,5.257134094622884,2
1,7.504744141557462,2
0,7.530964962495043,2
0,1.4031426524900517,1
0,0.9544263587586425,1
0,0.7059065840995989,1
0,11.50149442546155,3
0,9.086991520087532,2
1,6.640326847855685,2
1,7.093650526725082,3
1,7.6089373449556845,3
0,1.6112490699728053,1
1,12.184976982961075,3
0,1.3735423950390189,1
1,10.676607151883724,3
0,3.263640857942561,3
1,7.529646706029707,2
0,0.7367131377922689,1
1,15.899355868800205,3
0,0.5525062270520658,1
1,1.455210266743796,3
1,12.77437753130086,3
0,15.640845170356933,3
0,0.8561237672605153,1
0,3.706175482482295,2
0,0.44821396542397085,1
1,18.839701722290023,3
1,17.062610532435208,3
0,1.011978570090862,1
1,6.367081397723846,2
0,2.80062538655782,2
1,12.214186012731567,3
1,17.489099731493646,3
1,6.054595001916687,2
0,1.8429576023109102,2
0,7.429430538207008,2
1,11.07373244872873,3
0,5.156080905860511,2
0,1.218869777032369,1
1,10.98224268256049,3
1,9.673979779932212,3
1,5.433405580367026,2
1,7.504589723339244,2
0,18.85238990034709,3
1,6.439708493374937,3
0,1.6572731601765587,1
0,10.677743997887164,3
1,9.323866478462529,3
1,9.235370762375535,2
1,6.0267619919756905,3
0,4.686376428692812,2
0,5.3302880054178905,2
1,9.726968888199961,3
0,1.459471276497379,1
0,0.7923107498846205,1
1,12.669202709817778,3
0,4.135329288709744,2
1,10.031742760740254,3
1,6.878118140808108,2
1,1.0676186758348467,1
1,10.178212056991633,3
1,1.5995513993816362,1
0,-1.100676388719716,3
0,1.642245102476497,1
1,12.472352842325979,3
1,10.704995763007744,3
0,7.894677388620265,2
0,0.4736454918634312,1
1,0.5117134973149366,1
0,1.4406611220744296,1
0,0.37184911752005945,1
1,8.334640630138619,2
1,11.923891623315132,3
1,4.572031906807683,2
1,3.682157913516878,2
0,1.2481084212546814,1
0,3.8271639092347907,2
1,1.9776321385081004,2
0,1.1403601148615456,1
0,3.6204825281027997,2
1,13.988995688922742,3
0,4.875291482757584,2
0,0.9514146203196644,1
0,1.112035570628923,1
1,10.025061678154639,3
1,16.05650318286758,3
0,1.1107682313344718,1
1,12.131979715109011,3
0,1.3265912670351936,1
0,4.270524561930737,2
1,4.85233132567906,2
1,3.986414113784444,3
1,9.135755384662467,3
1,16.21203704329304,3
0,0.37353203779096733,1
0,1.015521101545781,1
0,7.2904556933100295,2
1,0.36441475683310276,1
1,-0.3562097778635014,2
0,1.026686339321806,1
1,1.9000649681309496,1
0,0.8020668217257712,1
1,7.885211534833274,3
1,12.250238105516171,3
0,0.6177396162362108,1
0,-0.2606773878022115,1
1,4.089935013952702,2
0,1.274028272968632,1
0,5.294030415327462,2
0,1.8861622455250977,1
1,9.653357574377722,3
0,7.783979279740427,2
1,10.719144235231479,3
1,1.2550569511219187,1
1,5.911590405785746,3
0,0.912534446924184,1
0,5.5385069607497295,2
0,0.35889290099868276,1
0,1.4586005150632282,2
1,5.132135581559404,2
0,1.0177621235698358,1
1,-0.08655809046295859,1
1,10.82231056811628,3
0,0.8889903243255196,1
0,1.3609154543446773,1
1,14.60132668254868,3
1,4.796470500902296,2
1,6.0103281753065705,3
0,2.8833945303717563,2
0,5.944442962407522,2
0,1.3987024079052328,1
0,0.8217644522922363,1
0,3.7303388565044675,2
1,4.327514974499062,2
1,6.386188452184887,2
0,1.7638043537101953,1
1,4.411500216907045,2
1,9.279153550227342,3
1,2.0817575323495765,3
1,4.908917066513049,2
1,4.275238695449023,2
1,-0.2094697422427081,1
1,3.641172905267077,2
0,3.257532032426611,2
0,3.0099361839046748,2
1,10.314961261061148,3
1,9.876968372756211,3
1,8.812482147163356,3
1,1.0553273843773372,1
0,1.85668016598372,1
0,0.9957492157166563,1
0,1.4879603195585465,1
0,0.863273507235208,1
1,14.306031470397961,3
1,2.832237835616471,2
1,3.917965481898907,3
1,1.8173711739116594,2
0,2.3543356112145704,2
0,3.713335149008313,2
0,1.5436947298835642,1
0,1.331965410400288,1
0,1.1350713657372928,1
1,4.029087906075718,3
0,11.33995815431987,3
1,11.696465489753962,3
1,8.274642867379475,3
1,9.774410845052591,3
0,0.9104217378713942,1
0,2.875056036286869,2
1,8.300689608726707,2
0,1.513792550938685,1
1,3.7596102495790067,3
0,1.4578328866374535,1
1,16.977480247643395,3
0,1.3849020889731676,1
0,8.136257932683636,2
1,2.4397621949402097,2
0,0.46343090664084785,1
0,4.258957231697891,2
1,12.182632667419629,3
1,0.4820789492848192,1
1,15.626233188471542,3
1,7.441675456232435,2
1,13.597373278777269,3
1,6.308419931522074,2
0,5.356029116494244,2
0,0.2587621879191989,1
1,15.167236514316066,3
0,1.5996197818614595,1
0,6.967862692895977,2
1,5.76784153307681,3
1,6.555074037810227,2
0,1.0204694000951182,1
0,4.370899821440842,2
0,7.696099651057287,2
1,-0.13224044285197412,2
0,8.487331759634285,3
1,9.025977616657242,2
0,8.973365443918809,3
1,7.37907540886365,2
0,1.1613900997448656,1
0,3.0945245942043496,3
1,12.713668990917597,3
1,9.913192420094923,3
0,0.07964369142022887,1
0,14.187926192551895,3
1,3.830731770036411,2
0,0.9218610317819864,1
0,8.013743889652947,2
1,4.416618893571068,3
1,3.346751411139473,2
1,12.495285546276097,3
0,6.212493647001869,2
1,12.295679731440575,3
0,1.5958366008812137,1
1,10.943209149889773,3
0,0.4698186969981012,1
1,12.911968917394011,3
0,1.5484319283855466,1
1,9.417416079699805,3
1,2.3869351906563447,2
0,1.179943682027427,1
