<?xml version="1.0" encoding="UTF-8"?>
<project-private xmlns="http://www.netbeans.org/ns/project-private/1">
    <open-files xmlns="http://www.netbeans.org/ns/projectui-open-files/1">
        <file>file:/U:/teaching/AIT5102/2005-2006Spring/LectureNotes2006/Lecture6b_Demo/src/anotherPackage/myProject.java</file>
        <file>file:/U:/teaching/AIT5102/2005-2006Spring/LectureNotes2006/Lecture6b_Demo/src/myTools/QuadraticSolver.java</file>
        <file>file:/U:/teaching/AIT5102/2005-2006Spring/LectureNotes2006/Lecture6b_Demo/src/myTools/TestMyTools.java</file>
    </open-files>
</project-private>
